sim_id,highway_speed,ramp_speed,vehsPerHour_main,vehsPerHour_ramp,vehsPerHour_total,meanSpeed_avg
ramp.edg,30.0,20.0,800.0,200.0,1000.0,22.290962222222223
ramp.edg,30.0,20.0,800.0,300.0,1100.0,21.867233333333335
ramp.edg,30.0,20.0,800.0,400.0,1200.0,21.616544444444443
ramp.edg,30.0,20.0,800.0,500.0,1300.0,21.246324444444443
ramp.edg,30.0,20.0,800.0,600.0,1400.0,20.94783111111111
ramp.edg,30.0,20.0,800.0,700.0,1500.0,20.969133333333332
ramp.edg,30.0,20.0,800.0,800.0,1600.0,20.616024444444445
ramp.edg,30.0,20.0,800.0,900.0,1700.0,20.345873333333333
ramp.edg,30.0,20.0,800.0,1000.0,1800.0,19.99446222222222
ramp.edg,30.0,20.0,800.0,1100.0,1900.0,20.075253333333333
ramp.edg,30.0,20.0,800.0,1200.0,2000.0,19.85062
ramp.edg,30.0,20.0,800.0,1300.0,2100.0,19.674204444444445
ramp.edg,30.0,20.0,800.0,1400.0,2200.0,19.325
ramp.edg,30.0,20.0,800.0,1500.0,2300.0,19.051642222222224
ramp.edg,30.0,20.0,800.0,1600.0,2400.0,18.679391111111112
ramp.edg,30.0,20.0,800.0,1700.0,2500.0,18.14960222222222
ramp.edg,30.0,20.0,800.0,1800.0,2600.0,17.503424444444445
ramp.edg,30.0,20.0,800.0,1900.0,2700.0,18.020513333333334
ramp.edg,30.0,20.0,900.0,200.0,1100.0,22.26966
ramp.edg,30.0,20.0,900.0,300.0,1200.0,22.09102
ramp.edg,30.0,20.0,900.0,400.0,1300.0,21.767515555555555
ramp.edg,30.0,20.0,900.0,500.0,1400.0,21.46328
ramp.edg,30.0,20.0,900.0,600.0,1500.0,20.924004444444446
ramp.edg,30.0,20.0,900.0,700.0,1600.0,20.81978888888889
ramp.edg,30.0,20.0,900.0,800.0,1700.0,20.601446666666668
ramp.edg,30.0,20.0,900.0,900.0,1800.0,20.419335555555556
ramp.edg,30.0,20.0,900.0,1000.0,1900.0,20.151346666666665
ramp.edg,30.0,20.0,900.0,1100.0,2000.0,20.088626666666666
ramp.edg,30.0,20.0,900.0,1200.0,2100.0,19.867253333333334
ramp.edg,30.0,20.0,900.0,1300.0,2200.0,19.604055555555554
ramp.edg,30.0,20.0,900.0,1400.0,2300.0,19.43948
ramp.edg,30.0,20.0,900.0,1500.0,2400.0,19.059926666666666
ramp.edg,30.0,20.0,900.0,1600.0,2500.0,18.909335555555554
ramp.edg,30.0,20.0,900.0,1700.0,2600.0,18.265326666666667
ramp.edg,30.0,20.0,900.0,1800.0,2700.0,17.569304444444445
ramp.edg,30.0,20.0,900.0,1900.0,2800.0,18.15125111111111
ramp.edg,30.0,20.0,1000.0,200.0,1200.0,22.424775555555556
ramp.edg,30.0,20.0,1000.0,300.0,1300.0,22.079711111111113
ramp.edg,30.0,20.0,1000.0,400.0,1400.0,21.700588888888888
ramp.edg,30.0,20.0,1000.0,500.0,1500.0,21.595366666666667
ramp.edg,30.0,20.0,1000.0,600.0,1600.0,21.17148
ramp.edg,30.0,20.0,1000.0,700.0,1700.0,20.923075555555556
ramp.edg,30.0,20.0,1000.0,800.0,1800.0,20.734564444444445
ramp.edg,30.0,20.0,1000.0,900.0,1900.0,20.54149333333333
ramp.edg,30.0,20.0,1000.0,1000.0,2000.0,20.313653333333335
ramp.edg,30.0,20.0,1000.0,1100.0,2100.0,20.350757777777776
ramp.edg,30.0,20.0,1000.0,1200.0,2200.0,19.927404444444445
ramp.edg,30.0,20.0,1000.0,1300.0,2300.0,19.846573333333332
ramp.edg,30.0,20.0,1000.0,1400.0,2400.0,19.479886666666665
ramp.edg,30.0,20.0,1000.0,1500.0,2500.0,19.48395777777778
ramp.edg,30.0,20.0,1000.0,1600.0,2600.0,18.995317777777778
ramp.edg,30.0,20.0,1000.0,1700.0,2700.0,18.414566666666666
ramp.edg,30.0,20.0,1000.0,1800.0,2800.0,17.71098222222222
ramp.edg,30.0,20.0,1000.0,1900.0,2900.0,18.433922222222222
ramp.edg,30.0,20.0,1100.0,200.0,1300.0,22.52864888888889
ramp.edg,30.0,20.0,1100.0,300.0,1400.0,22.088148888888888
ramp.edg,30.0,20.0,1100.0,400.0,1500.0,21.97354888888889
ramp.edg,30.0,20.0,1100.0,500.0,1600.0,21.62128
ramp.edg,30.0,20.0,1100.0,600.0,1700.0,21.175095555555554
ramp.edg,30.0,20.0,1100.0,700.0,1800.0,21.010177777777777
ramp.edg,30.0,20.0,1100.0,800.0,1900.0,20.870704444444446
ramp.edg,30.0,20.0,1100.0,900.0,2000.0,20.727655555555554
ramp.edg,30.0,20.0,1100.0,1000.0,2100.0,20.433135555555555
ramp.edg,30.0,20.0,1100.0,1100.0,2200.0,20.277115555555557
ramp.edg,30.0,20.0,1100.0,1200.0,2300.0,20.075031111111112
ramp.edg,30.0,20.0,1100.0,1300.0,2400.0,19.800428888888888
ramp.edg,30.0,20.0,1100.0,1400.0,2500.0,19.605897777777777
ramp.edg,30.0,20.0,1100.0,1500.0,2600.0,19.513917777777777
ramp.edg,30.0,20.0,1100.0,1600.0,2700.0,19.062533333333334
ramp.edg,30.0,20.0,1100.0,1700.0,2800.0,18.45195111111111
ramp.edg,30.0,20.0,1100.0,1800.0,2900.0,17.70596
ramp.edg,30.0,20.0,1100.0,1900.0,3000.0,18.484673333333333
ramp.edg,30.0,20.0,1200.0,200.0,1400.0,22.235622222222222
ramp.edg,30.0,20.0,1200.0,300.0,1500.0,22.014133333333334
ramp.edg,30.0,20.0,1200.0,400.0,1600.0,21.75202888888889
ramp.edg,30.0,20.0,1200.0,500.0,1700.0,21.53040222222222
ramp.edg,30.0,20.0,1200.0,600.0,1800.0,21.221844444444443
ramp.edg,30.0,20.0,1200.0,700.0,1900.0,20.927297777777778
ramp.edg,30.0,20.0,1200.0,800.0,2000.0,20.780084444444444
ramp.edg,30.0,20.0,1200.0,900.0,2100.0,20.798724444444446
ramp.edg,30.0,20.0,1200.0,1000.0,2200.0,20.50895111111111
ramp.edg,30.0,20.0,1200.0,1100.0,2300.0,20.42529111111111
ramp.edg,30.0,20.0,1200.0,1200.0,2400.0,20.07076888888889
ramp.edg,30.0,20.0,1200.0,1300.0,2500.0,20.03423111111111
ramp.edg,30.0,20.0,1200.0,1400.0,2600.0,19.78397111111111
ramp.edg,30.0,20.0,1200.0,1500.0,2700.0,19.49889111111111
ramp.edg,30.0,20.0,1200.0,1600.0,2800.0,19.04756888888889
ramp.edg,30.0,20.0,1200.0,1700.0,2900.0,18.544873333333335
ramp.edg,30.0,20.0,1200.0,1800.0,3000.0,18.02078
ramp.edg,30.0,20.0,1200.0,1900.0,3100.0,18.661626666666667
ramp.edg,30.0,20.0,1300.0,200.0,1500.0,22.547926666666665
ramp.edg,30.0,20.0,1300.0,300.0,1600.0,22.094544444444445
ramp.edg,30.0,20.0,1300.0,400.0,1700.0,21.79391111111111
ramp.edg,30.0,20.0,1300.0,500.0,1800.0,21.458666666666666
ramp.edg,30.0,20.0,1300.0,600.0,1900.0,21.284802222222222
ramp.edg,30.0,20.0,1300.0,700.0,2000.0,21.19758
ramp.edg,30.0,20.0,1300.0,800.0,2100.0,21.08717777777778
ramp.edg,30.0,20.0,1300.0,900.0,2200.0,20.675393333333332
ramp.edg,30.0,20.0,1300.0,1000.0,2300.0,20.551613333333332
ramp.edg,30.0,20.0,1300.0,1100.0,2400.0,20.37557333333333
ramp.edg,30.0,20.0,1300.0,1200.0,2500.0,20.22783111111111
ramp.edg,30.0,20.0,1300.0,1300.0,2600.0,20.065275555555555
ramp.edg,30.0,20.0,1300.0,1400.0,2700.0,19.811677777777778
ramp.edg,30.0,20.0,1300.0,1500.0,2800.0,19.49529777777778
ramp.edg,30.0,20.0,1300.0,1600.0,2900.0,19.065046666666667
ramp.edg,30.0,20.0,1300.0,1700.0,3000.0,18.618335555555557
ramp.edg,30.0,20.0,1300.0,1800.0,3100.0,18.09516888888889
ramp.edg,30.0,20.0,1300.0,1900.0,3200.0,18.72333777777778
ramp.edg,30.0,20.0,1400.0,200.0,1600.0,22.510562222222223
ramp.edg,30.0,20.0,1400.0,300.0,1700.0,22.159493333333334
ramp.edg,30.0,20.0,1400.0,400.0,1800.0,21.76088
ramp.edg,30.0,20.0,1400.0,500.0,1900.0,21.773313333333334
ramp.edg,30.0,20.0,1400.0,600.0,2000.0,21.566586666666666
ramp.edg,30.0,20.0,1400.0,700.0,2100.0,21.330682222222222
ramp.edg,30.0,20.0,1400.0,800.0,2200.0,21.07776888888889
ramp.edg,30.0,20.0,1400.0,900.0,2300.0,20.94994888888889
ramp.edg,30.0,20.0,1400.0,1000.0,2400.0,20.693651111111112
ramp.edg,30.0,20.0,1400.0,1100.0,2500.0,20.649731111111112
ramp.edg,30.0,20.0,1400.0,1200.0,2600.0,20.465688888888888
ramp.edg,30.0,20.0,1400.0,1300.0,2700.0,20.036264444444445
ramp.edg,30.0,20.0,1400.0,1400.0,2800.0,19.820306666666667
ramp.edg,30.0,20.0,1400.0,1500.0,2900.0,19.469433333333335
ramp.edg,30.0,20.0,1400.0,1600.0,3000.0,19.323346666666666
ramp.edg,30.0,20.0,1400.0,1700.0,3100.0,18.833246666666668
ramp.edg,30.0,20.0,1400.0,1800.0,3200.0,18.248237777777778
ramp.edg,30.0,20.0,1400.0,1900.0,3300.0,18.78968888888889
ramp.edg,30.0,20.0,1500.0,200.0,1700.0,22.281586666666666
ramp.edg,30.0,20.0,1500.0,300.0,1800.0,22.091213333333332
ramp.edg,30.0,20.0,1500.0,400.0,1900.0,21.731717777777778
ramp.edg,30.0,20.0,1500.0,500.0,2000.0,21.645866666666667
ramp.edg,30.0,20.0,1500.0,600.0,2100.0,21.520128888888888
ramp.edg,30.0,20.0,1500.0,700.0,2200.0,21.154431111111112
ramp.edg,30.0,20.0,1500.0,800.0,2300.0,21.16046888888889
ramp.edg,30.0,20.0,1500.0,900.0,2400.0,20.744526666666665
ramp.edg,30.0,20.0,1500.0,1000.0,2500.0,20.588404444444443
ramp.edg,30.0,20.0,1500.0,1100.0,2600.0,20.446435555555556
ramp.edg,30.0,20.0,1500.0,1200.0,2700.0,20.19556222222222
ramp.edg,30.0,20.0,1500.0,1300.0,2800.0,20.11582222222222
ramp.edg,30.0,20.0,1500.0,1400.0,2900.0,19.955535555555556
ramp.edg,30.0,20.0,1500.0,1500.0,3000.0,19.686035555555556
ramp.edg,30.0,20.0,1500.0,1600.0,3100.0,19.4729
ramp.edg,30.0,20.0,1500.0,1700.0,3200.0,18.834295555555556
ramp.edg,30.0,20.0,1500.0,1800.0,3300.0,18.25442888888889
ramp.edg,30.0,20.0,1500.0,1900.0,3400.0,19.11194
ramp.edg,30.0,20.0,1600.0,200.0,1800.0,22.337893333333334
ramp.edg,30.0,20.0,1600.0,300.0,1900.0,22.160506666666667
ramp.edg,30.0,20.0,1600.0,400.0,2000.0,21.964493333333333
ramp.edg,30.0,20.0,1600.0,500.0,2100.0,21.811717777777776
ramp.edg,30.0,20.0,1600.0,600.0,2200.0,21.450875555555555
ramp.edg,30.0,20.0,1600.0,700.0,2300.0,21.28378888888889
ramp.edg,30.0,20.0,1600.0,800.0,2400.0,21.001637777777777
ramp.edg,30.0,20.0,1600.0,900.0,2500.0,21.02598
ramp.edg,30.0,20.0,1600.0,1000.0,2600.0,20.92331777777778
ramp.edg,30.0,20.0,1600.0,1100.0,2700.0,20.531775555555555
ramp.edg,30.0,20.0,1600.0,1200.0,2800.0,20.315686666666668
ramp.edg,30.0,20.0,1600.0,1300.0,2900.0,20.090606666666666
ramp.edg,30.0,20.0,1600.0,1400.0,3000.0,19.960775555555557
ramp.edg,30.0,20.0,1600.0,1500.0,3100.0,19.714144444444443
ramp.edg,30.0,20.0,1600.0,1600.0,3200.0,19.395226666666666
ramp.edg,30.0,20.0,1600.0,1700.0,3300.0,18.841637777777777
ramp.edg,30.0,20.0,1600.0,1800.0,3400.0,18.374564444444445
ramp.edg,30.0,20.0,1600.0,1900.0,3500.0,19.06745777777778
ramp.edg,30.0,20.0,1700.0,200.0,1900.0,22.400795555555554
ramp.edg,30.0,20.0,1700.0,300.0,2000.0,22.249202222222223
ramp.edg,30.0,20.0,1700.0,400.0,2100.0,21.997506666666666
ramp.edg,30.0,20.0,1700.0,500.0,2200.0,21.66972
ramp.edg,30.0,20.0,1700.0,600.0,2300.0,21.600633333333334
ramp.edg,30.0,20.0,1700.0,700.0,2400.0,21.252775555555555
ramp.edg,30.0,20.0,1700.0,800.0,2500.0,21.045253333333335
ramp.edg,30.0,20.0,1700.0,900.0,2600.0,20.90486222222222
ramp.edg,30.0,20.0,1700.0,1000.0,2700.0,20.722344444444445
ramp.edg,30.0,20.0,1700.0,1100.0,2800.0,20.581095555555557
ramp.edg,30.0,20.0,1700.0,1200.0,2900.0,20.293128888888887
ramp.edg,30.0,20.0,1700.0,1300.0,3000.0,20.29496888888889
ramp.edg,30.0,20.0,1700.0,1400.0,3100.0,20.00188888888889
ramp.edg,30.0,20.0,1700.0,1500.0,3200.0,19.694037777777776
ramp.edg,30.0,20.0,1700.0,1600.0,3300.0,19.416935555555554
ramp.edg,30.0,20.0,1700.0,1700.0,3400.0,19.057388888888887
ramp.edg,30.0,20.0,1700.0,1800.0,3500.0,18.550673333333332
ramp.edg,30.0,20.0,1700.0,1900.0,3600.0,19.198517777777777
ramp.edg,30.0,20.0,1800.0,200.0,2000.0,22.393177777777776
ramp.edg,30.0,20.0,1800.0,300.0,2100.0,22.19802
ramp.edg,30.0,20.0,1800.0,400.0,2200.0,21.840966666666667
ramp.edg,30.0,20.0,1800.0,500.0,2300.0,21.778904444444443
ramp.edg,30.0,20.0,1800.0,600.0,2400.0,21.457153333333334
ramp.edg,30.0,20.0,1800.0,700.0,2500.0,21.458453333333335
ramp.edg,30.0,20.0,1800.0,800.0,2600.0,21.228748888888887
ramp.edg,30.0,20.0,1800.0,900.0,2700.0,20.832453333333333
ramp.edg,30.0,20.0,1800.0,1000.0,2800.0,20.70162
ramp.edg,30.0,20.0,1800.0,1100.0,2900.0,20.46846888888889
ramp.edg,30.0,20.0,1800.0,1200.0,3000.0,20.309786666666668
ramp.edg,30.0,20.0,1800.0,1300.0,3100.0,20.384713333333334
ramp.edg,30.0,20.0,1800.0,1400.0,3200.0,19.835706666666667
ramp.edg,30.0,20.0,1800.0,1500.0,3300.0,19.659055555555554
ramp.edg,30.0,20.0,1800.0,1600.0,3400.0,19.375235555555555
ramp.edg,30.0,20.0,1800.0,1700.0,3500.0,18.950395555555556
ramp.edg,30.0,20.0,1800.0,1800.0,3600.0,18.822344444444443
ramp.edg,30.0,20.0,1800.0,1900.0,3700.0,19.185506666666665
ramp.edg,30.0,20.0,1900.0,200.0,2100.0,22.369384444444446
ramp.edg,30.0,20.0,1900.0,300.0,2200.0,22.072953333333334
ramp.edg,30.0,20.0,1900.0,400.0,2300.0,22.040277777777778
ramp.edg,30.0,20.0,1900.0,500.0,2400.0,21.780184444444444
ramp.edg,30.0,20.0,1900.0,600.0,2500.0,21.517075555555557
ramp.edg,30.0,20.0,1900.0,700.0,2600.0,21.363233333333334
ramp.edg,30.0,20.0,1900.0,800.0,2700.0,21.086568888888888
ramp.edg,30.0,20.0,1900.0,900.0,2800.0,20.96274888888889
ramp.edg,30.0,20.0,1900.0,1000.0,2900.0,20.601757777777777
ramp.edg,30.0,20.0,1900.0,1100.0,3000.0,20.673755555555555
ramp.edg,30.0,20.0,1900.0,1200.0,3100.0,20.42719333333333
ramp.edg,30.0,20.0,1900.0,1300.0,3200.0,20.164506666666668
ramp.edg,30.0,20.0,1900.0,1400.0,3300.0,19.965404444444445
ramp.edg,30.0,20.0,1900.0,1500.0,3400.0,19.827726666666667
ramp.edg,30.0,20.0,1900.0,1600.0,3500.0,19.435286666666666
ramp.edg,30.0,20.0,1900.0,1700.0,3600.0,19.0896
ramp.edg,30.0,20.0,1900.0,1800.0,3700.0,18.56739111111111
ramp.edg,30.0,20.0,1900.0,1900.0,3800.0,19.43778
ramp.edg,30.0,20.0,2000.0,200.0,2200.0,22.33594
ramp.edg,30.0,20.0,2000.0,300.0,2300.0,22.25398
ramp.edg,30.0,20.0,2000.0,400.0,2400.0,21.957864444444443
ramp.edg,30.0,20.0,2000.0,500.0,2500.0,21.87623333333333
ramp.edg,30.0,20.0,2000.0,600.0,2600.0,21.64412
ramp.edg,30.0,20.0,2000.0,700.0,2700.0,21.271242222222224
ramp.edg,30.0,20.0,2000.0,800.0,2800.0,21.06080888888889
ramp.edg,30.0,20.0,2000.0,900.0,2900.0,20.964904444444443
ramp.edg,30.0,20.0,2000.0,1000.0,3000.0,20.693626666666667
ramp.edg,30.0,20.0,2000.0,1100.0,3100.0,20.724435555555555
ramp.edg,30.0,20.0,2000.0,1200.0,3200.0,20.36551111111111
ramp.edg,30.0,20.0,2000.0,1300.0,3300.0,20.123337777777778
ramp.edg,30.0,20.0,2000.0,1400.0,3400.0,19.985491111111113
ramp.edg,30.0,20.0,2000.0,1500.0,3500.0,19.6728
ramp.edg,30.0,20.0,2000.0,1600.0,3600.0,19.49908
ramp.edg,30.0,20.0,2000.0,1700.0,3700.0,19.020511111111112
ramp.edg,30.0,20.0,2000.0,1800.0,3800.0,18.672466666666665
ramp.edg,30.0,20.0,2000.0,1900.0,3900.0,19.52929333333333
ramp.edg,30.0,20.0,2100.0,200.0,2300.0,22.340953333333335
ramp.edg,30.0,20.0,2100.0,300.0,2400.0,22.14123111111111
ramp.edg,30.0,20.0,2100.0,400.0,2500.0,21.884991111111113
ramp.edg,30.0,20.0,2100.0,500.0,2600.0,22.04514888888889
ramp.edg,30.0,20.0,2100.0,600.0,2700.0,21.54393333333333
ramp.edg,30.0,20.0,2100.0,700.0,2800.0,21.328397777777777
ramp.edg,30.0,20.0,2100.0,800.0,2900.0,21.17188
ramp.edg,30.0,20.0,2100.0,900.0,3000.0,21.012797777777777
ramp.edg,30.0,20.0,2100.0,1000.0,3100.0,21.00372888888889
ramp.edg,30.0,20.0,2100.0,1100.0,3200.0,20.566344444444443
ramp.edg,30.0,20.0,2100.0,1200.0,3300.0,20.339493333333333
ramp.edg,30.0,20.0,2100.0,1300.0,3400.0,20.286253333333335
ramp.edg,30.0,20.0,2100.0,1400.0,3500.0,19.88267777777778
ramp.edg,30.0,20.0,2100.0,1500.0,3600.0,19.91936888888889
ramp.edg,30.0,20.0,2100.0,1600.0,3700.0,19.45767111111111
ramp.edg,30.0,20.0,2100.0,1700.0,3800.0,19.091606666666667
ramp.edg,30.0,20.0,2100.0,1800.0,3900.0,18.728102222222223
ramp.edg,30.0,20.0,2100.0,1900.0,4000.0,19.35786
ramp.edg,30.0,20.0,2200.0,200.0,2400.0,22.192184444444443
ramp.edg,30.0,20.0,2200.0,300.0,2500.0,22.21013111111111
ramp.edg,30.0,20.0,2200.0,400.0,2600.0,21.933797777777777
ramp.edg,30.0,20.0,2200.0,500.0,2700.0,21.662862222222223
ramp.edg,30.0,20.0,2200.0,600.0,2800.0,21.413055555555555
ramp.edg,30.0,20.0,2200.0,700.0,2900.0,21.203937777777778
ramp.edg,30.0,20.0,2200.0,800.0,3000.0,21.07780888888889
ramp.edg,30.0,20.0,2200.0,900.0,3100.0,20.933793333333334
ramp.edg,30.0,20.0,2200.0,1000.0,3200.0,20.525737777777778
ramp.edg,30.0,20.0,2200.0,1100.0,3300.0,20.41075111111111
ramp.edg,30.0,20.0,2200.0,1200.0,3400.0,20.32892888888889
ramp.edg,30.0,20.0,2200.0,1300.0,3500.0,20.12386888888889
ramp.edg,30.0,20.0,2200.0,1400.0,3600.0,20.10851111111111
ramp.edg,30.0,20.0,2200.0,1500.0,3700.0,19.710673333333332
ramp.edg,30.0,20.0,2200.0,1600.0,3800.0,19.44224
ramp.edg,30.0,20.0,2200.0,1700.0,3900.0,19.197126666666666
ramp.edg,30.0,20.0,2200.0,1800.0,4000.0,18.67349777777778
ramp.edg,30.0,20.0,2200.0,1900.0,4100.0,19.408975555555557
ramp.edg,30.0,20.0,2300.0,200.0,2500.0,22.19616
ramp.edg,30.0,20.0,2300.0,300.0,2600.0,22.06859777777778
ramp.edg,30.0,20.0,2300.0,400.0,2700.0,21.817195555555557
ramp.edg,30.0,20.0,2300.0,500.0,2800.0,21.54614
ramp.edg,30.0,20.0,2300.0,600.0,2900.0,21.394024444444444
ramp.edg,30.0,20.0,2300.0,700.0,3000.0,21.24145777777778
ramp.edg,30.0,20.0,2300.0,800.0,3100.0,21.202366666666666
ramp.edg,30.0,20.0,2300.0,900.0,3200.0,20.733555555555554
ramp.edg,30.0,20.0,2300.0,1000.0,3300.0,20.614686666666667
ramp.edg,30.0,20.0,2300.0,1100.0,3400.0,20.568564444444444
ramp.edg,30.0,20.0,2300.0,1200.0,3500.0,20.2601
ramp.edg,30.0,20.0,2300.0,1300.0,3600.0,20.196884444444443
ramp.edg,30.0,20.0,2300.0,1400.0,3700.0,19.800171111111112
ramp.edg,30.0,20.0,2300.0,1500.0,3800.0,19.78295111111111
ramp.edg,30.0,20.0,2300.0,1600.0,3900.0,19.59318222222222
ramp.edg,30.0,20.0,2300.0,1700.0,4000.0,18.99689777777778
ramp.edg,30.0,20.0,2300.0,1800.0,4100.0,18.783762222222222
ramp.edg,30.0,20.0,2300.0,1900.0,4200.0,19.43564888888889
ramp.edg,30.0,20.0,2400.0,200.0,2600.0,22.279715555555555
ramp.edg,30.0,20.0,2400.0,300.0,2700.0,21.985502222222223
ramp.edg,30.0,20.0,2400.0,400.0,2800.0,21.647577777777776
ramp.edg,30.0,20.0,2400.0,500.0,2900.0,21.503057777777776
ramp.edg,30.0,20.0,2400.0,600.0,3000.0,21.384955555555557
ramp.edg,30.0,20.0,2400.0,700.0,3100.0,21.35856888888889
ramp.edg,30.0,20.0,2400.0,800.0,3200.0,20.847626666666667
ramp.edg,30.0,20.0,2400.0,900.0,3300.0,20.790422222222222
ramp.edg,30.0,20.0,2400.0,1000.0,3400.0,20.73051111111111
ramp.edg,30.0,20.0,2400.0,1100.0,3500.0,20.50181111111111
ramp.edg,30.0,20.0,2400.0,1200.0,3600.0,20.352257777777776
ramp.edg,30.0,20.0,2400.0,1300.0,3700.0,20.048817777777778
ramp.edg,30.0,20.0,2400.0,1400.0,3800.0,19.773286666666667
ramp.edg,30.0,20.0,2400.0,1500.0,3900.0,19.886986666666665
ramp.edg,30.0,20.0,2400.0,1600.0,4000.0,19.350555555555555
ramp.edg,30.0,20.0,2400.0,1700.0,4100.0,18.907473333333332
ramp.edg,30.0,20.0,2400.0,1800.0,4200.0,18.54184888888889
ramp.edg,30.0,20.0,2400.0,1900.0,4300.0,19.32159111111111
ramp.edg,30.0,20.0,2500.0,200.0,2700.0,22.03266
ramp.edg,30.0,20.0,2500.0,300.0,2800.0,21.828575555555556
ramp.edg,30.0,20.0,2500.0,400.0,2900.0,21.5767
ramp.edg,30.0,20.0,2500.0,500.0,3000.0,21.550955555555557
ramp.edg,30.0,20.0,2500.0,600.0,3100.0,21.374944444444445
ramp.edg,30.0,20.0,2500.0,700.0,3200.0,21.04092888888889
ramp.edg,30.0,20.0,2500.0,800.0,3300.0,20.89631111111111
ramp.edg,30.0,20.0,2500.0,900.0,3400.0,20.871775555555555
ramp.edg,30.0,20.0,2500.0,1000.0,3500.0,20.612735555555556
ramp.edg,30.0,20.0,2500.0,1100.0,3600.0,20.32432888888889
ramp.edg,30.0,20.0,2500.0,1200.0,3700.0,20.21564888888889
ramp.edg,30.0,20.0,2500.0,1300.0,3800.0,20.126173333333334
ramp.edg,30.0,20.0,2500.0,1400.0,3900.0,20.116186666666668
ramp.edg,30.0,20.0,2500.0,1500.0,4000.0,19.578022222222224
ramp.edg,30.0,20.0,2500.0,1600.0,4100.0,19.334933333333332
ramp.edg,30.0,20.0,2500.0,1700.0,4200.0,18.868751111111113
ramp.edg,30.0,20.0,2500.0,1800.0,4300.0,18.710933333333333
ramp.edg,30.0,20.0,2500.0,1900.0,4400.0,19.40488
ramp.edg,30.0,20.0,2600.0,200.0,2800.0,22.071728888888888
ramp.edg,30.0,20.0,2600.0,300.0,2900.0,21.72136666666667
ramp.edg,30.0,20.0,2600.0,400.0,3000.0,21.556722222222223
ramp.edg,30.0,20.0,2600.0,500.0,3100.0,21.675457777777776
ramp.edg,30.0,20.0,2600.0,600.0,3200.0,21.234424444444443
ramp.edg,30.0,20.0,2600.0,700.0,3300.0,21.059593333333332
ramp.edg,30.0,20.0,2600.0,800.0,3400.0,21.054073333333335
ramp.edg,30.0,20.0,2600.0,900.0,3500.0,20.750115555555556
ramp.edg,30.0,20.0,2600.0,1000.0,3600.0,20.548946666666666
ramp.edg,30.0,20.0,2600.0,1100.0,3700.0,20.317148888888887
ramp.edg,30.0,20.0,2600.0,1200.0,3800.0,20.168375555555556
ramp.edg,30.0,20.0,2600.0,1300.0,3900.0,20.16893333333333
ramp.edg,30.0,20.0,2600.0,1400.0,4000.0,19.94126222222222
ramp.edg,30.0,20.0,2600.0,1500.0,4100.0,19.54451111111111
ramp.edg,30.0,20.0,2600.0,1600.0,4200.0,19.264826666666668
ramp.edg,30.0,20.0,2600.0,1700.0,4300.0,18.92519777777778
ramp.edg,30.0,20.0,2600.0,1800.0,4400.0,18.46942
ramp.edg,30.0,20.0,2600.0,1900.0,4500.0,19.382426666666667
ramp.edg,30.0,20.0,2700.0,200.0,2900.0,21.88794222222222
ramp.edg,30.0,20.0,2700.0,300.0,3000.0,21.644066666666667
ramp.edg,30.0,20.0,2700.0,400.0,3100.0,21.67586222222222
ramp.edg,30.0,20.0,2700.0,500.0,3200.0,21.231244444444446
ramp.edg,30.0,20.0,2700.0,600.0,3300.0,21.264693333333334
ramp.edg,30.0,20.0,2700.0,700.0,3400.0,21.111233333333335
ramp.edg,30.0,20.0,2700.0,800.0,3500.0,20.747164444444444
ramp.edg,30.0,20.0,2700.0,900.0,3600.0,20.7615
ramp.edg,30.0,20.0,2700.0,1000.0,3700.0,20.44812
ramp.edg,30.0,20.0,2700.0,1100.0,3800.0,20.30471111111111
ramp.edg,30.0,20.0,2700.0,1200.0,3900.0,20.361982222222224
ramp.edg,30.0,20.0,2700.0,1300.0,4000.0,19.93918888888889
ramp.edg,30.0,20.0,2700.0,1400.0,4100.0,19.80216
ramp.edg,30.0,20.0,2700.0,1500.0,4200.0,19.546397777777777
ramp.edg,30.0,20.0,2700.0,1600.0,4300.0,19.408344444444445
ramp.edg,30.0,20.0,2700.0,1700.0,4400.0,18.774908888888888
ramp.edg,30.0,20.0,2700.0,1800.0,4500.0,18.48660222222222
ramp.edg,30.0,20.0,2700.0,1900.0,4600.0,19.425628888888888
ramp.edg,30.0,20.0,2800.0,200.0,3000.0,21.65032666666667
ramp.edg,30.0,20.0,2800.0,300.0,3100.0,21.553813333333334
ramp.edg,30.0,20.0,2800.0,400.0,3200.0,21.29732
ramp.edg,30.0,20.0,2800.0,500.0,3300.0,21.26971111111111
ramp.edg,30.0,20.0,2800.0,600.0,3400.0,21.270893333333333
ramp.edg,30.0,20.0,2800.0,700.0,3500.0,20.79852222222222
ramp.edg,30.0,20.0,2800.0,800.0,3600.0,20.80121777777778
ramp.edg,30.0,20.0,2800.0,900.0,3700.0,20.59474
ramp.edg,30.0,20.0,2800.0,1000.0,3800.0,20.398564444444446
ramp.edg,30.0,20.0,2800.0,1100.0,3900.0,20.415744444444446
ramp.edg,30.0,20.0,2800.0,1200.0,4000.0,20.108015555555557
ramp.edg,30.0,20.0,2800.0,1300.0,4100.0,19.776024444444445
ramp.edg,30.0,20.0,2800.0,1400.0,4200.0,19.735793333333334
ramp.edg,30.0,20.0,2800.0,1500.0,4300.0,19.53904
ramp.edg,30.0,20.0,2800.0,1600.0,4400.0,19.214422222222222
ramp.edg,30.0,20.0,2800.0,1700.0,4500.0,18.63804
ramp.edg,30.0,20.0,2800.0,1800.0,4600.0,18.578184444444446
ramp.edg,30.0,20.0,2800.0,1900.0,4700.0,19.433746666666668
ramp.edg,30.0,20.0,2900.0,200.0,3100.0,21.998784444444443
ramp.edg,30.0,20.0,2900.0,300.0,3200.0,21.3597
ramp.edg,30.0,20.0,2900.0,400.0,3300.0,21.249962222222223
ramp.edg,30.0,20.0,2900.0,500.0,3400.0,21.30275333333333
ramp.edg,30.0,20.0,2900.0,600.0,3500.0,21.005286666666667
ramp.edg,30.0,20.0,2900.0,700.0,3600.0,20.980895555555556
ramp.edg,30.0,20.0,2900.0,800.0,3700.0,20.752386666666666
ramp.edg,30.0,20.0,2900.0,900.0,3800.0,20.64104222222222
ramp.edg,30.0,20.0,2900.0,1000.0,3900.0,20.550348888888887
ramp.edg,30.0,20.0,2900.0,1100.0,4000.0,20.255284444444445
ramp.edg,30.0,20.0,2900.0,1200.0,4100.0,19.968797777777777
ramp.edg,30.0,20.0,2900.0,1300.0,4200.0,19.79394222222222
ramp.edg,30.0,20.0,2900.0,1400.0,4300.0,19.804275555555556
ramp.edg,30.0,20.0,2900.0,1500.0,4400.0,19.350642222222223
ramp.edg,30.0,20.0,2900.0,1600.0,4500.0,19.06752
ramp.edg,30.0,20.0,2900.0,1700.0,4600.0,18.49326
ramp.edg,30.0,20.0,2900.0,1800.0,4700.0,18.36889777777778
ramp.edg,30.0,20.0,2900.0,1900.0,4800.0,19.207422222222224
ramp.edg,30.0,20.0,3000.0,200.0,3200.0,21.59495777777778
ramp.edg,30.0,20.0,3000.0,300.0,3300.0,21.337884444444445
ramp.edg,30.0,20.0,3000.0,400.0,3400.0,21.339524444444443
ramp.edg,30.0,20.0,3000.0,500.0,3500.0,21.01896222222222
ramp.edg,30.0,20.0,3000.0,600.0,3600.0,21.079504444444446
ramp.edg,30.0,20.0,3000.0,700.0,3700.0,20.696402222222222
ramp.edg,30.0,20.0,3000.0,800.0,3800.0,20.64302888888889
ramp.edg,30.0,20.0,3000.0,900.0,3900.0,20.72830666666667
ramp.edg,30.0,20.0,3000.0,1000.0,4000.0,20.319095555555556
ramp.edg,30.0,20.0,3000.0,1100.0,4100.0,20.095933333333335
ramp.edg,30.0,20.0,3000.0,1200.0,4200.0,20.010453333333334
ramp.edg,30.0,20.0,3000.0,1300.0,4300.0,19.837644444444443
ramp.edg,30.0,20.0,3000.0,1400.0,4400.0,19.58475111111111
ramp.edg,30.0,20.0,3000.0,1500.0,4500.0,19.127197777777777
ramp.edg,30.0,20.0,3000.0,1600.0,4600.0,18.925193333333333
ramp.edg,30.0,20.0,3000.0,1700.0,4700.0,18.668053333333333
ramp.edg,30.0,20.0,3000.0,1800.0,4800.0,18.304824444444446
ramp.edg,30.0,20.0,3000.0,1900.0,4900.0,19.05754888888889
ramp.edg,30.0,20.0,3100.0,200.0,3300.0,21.438495555555555
ramp.edg,30.0,20.0,3100.0,300.0,3400.0,21.444153333333333
ramp.edg,30.0,20.0,3100.0,400.0,3500.0,21.112066666666667
ramp.edg,30.0,20.0,3100.0,500.0,3600.0,20.999846666666667
ramp.edg,30.0,20.0,3100.0,600.0,3700.0,20.88746666666667
ramp.edg,30.0,20.0,3100.0,700.0,3800.0,20.784744444444446
ramp.edg,30.0,20.0,3100.0,800.0,3900.0,20.72717111111111
ramp.edg,30.0,20.0,3100.0,900.0,4000.0,20.425422222222224
ramp.edg,30.0,20.0,3100.0,1000.0,4100.0,20.312506666666668
ramp.edg,30.0,20.0,3100.0,1100.0,4200.0,20.07916888888889
ramp.edg,30.0,20.0,3100.0,1200.0,4300.0,19.90783777777778
ramp.edg,30.0,20.0,3100.0,1300.0,4400.0,19.598308888888887
ramp.edg,30.0,20.0,3100.0,1400.0,4500.0,19.450275555555557
ramp.edg,30.0,20.0,3100.0,1500.0,4600.0,19.24269111111111
ramp.edg,30.0,20.0,3100.0,1600.0,4700.0,19.004186666666666
ramp.edg,30.0,20.0,3100.0,1700.0,4800.0,18.449075555555556
ramp.edg,30.0,20.0,3100.0,1800.0,4900.0,18.084104444444446
ramp.edg,30.0,20.0,3100.0,1900.0,5000.0,18.916555555555554
ramp.edg,30.0,20.0,3200.0,200.0,3400.0,21.525144444444443
ramp.edg,30.0,20.0,3200.0,300.0,3500.0,21.376504444444443
ramp.edg,30.0,20.0,3200.0,400.0,3600.0,21.37284888888889
ramp.edg,30.0,20.0,3200.0,500.0,3700.0,20.877933333333335
ramp.edg,30.0,20.0,3200.0,600.0,3800.0,20.96247111111111
ramp.edg,30.0,20.0,3200.0,700.0,3900.0,20.805333333333333
ramp.edg,30.0,20.0,3200.0,800.0,4000.0,20.53950888888889
ramp.edg,30.0,20.0,3200.0,900.0,4100.0,20.296655555555557
ramp.edg,30.0,20.0,3200.0,1000.0,4200.0,20.19392
ramp.edg,30.0,20.0,3200.0,1100.0,4300.0,20.01548222222222
ramp.edg,30.0,20.0,3200.0,1200.0,4400.0,19.74784222222222
ramp.edg,30.0,20.0,3200.0,1300.0,4500.0,19.621246666666668
ramp.edg,30.0,20.0,3200.0,1400.0,4600.0,19.30724
ramp.edg,30.0,20.0,3200.0,1500.0,4700.0,19.340395555555556
ramp.edg,30.0,20.0,3200.0,1600.0,4800.0,18.545564444444445
ramp.edg,30.0,20.0,3200.0,1700.0,4900.0,17.956231111111112
ramp.edg,30.0,20.0,3200.0,1800.0,5000.0,18.10565777777778
ramp.edg,30.0,20.0,3200.0,1900.0,5100.0,18.637606666666667
ramp.edg,30.0,20.0,3300.0,200.0,3500.0,21.334495555555556
ramp.edg,30.0,20.0,3300.0,300.0,3600.0,21.385226666666668
ramp.edg,30.0,20.0,3300.0,400.0,3700.0,21.04438888888889
ramp.edg,30.0,20.0,3300.0,500.0,3800.0,20.924968888888888
ramp.edg,30.0,20.0,3300.0,600.0,3900.0,20.987404444444444
ramp.edg,30.0,20.0,3300.0,700.0,4000.0,20.632755555555555
ramp.edg,30.0,20.0,3300.0,800.0,4100.0,20.396251111111113
ramp.edg,30.0,20.0,3300.0,900.0,4200.0,20.307846666666666
ramp.edg,30.0,20.0,3300.0,1000.0,4300.0,20.105313333333335
ramp.edg,30.0,20.0,3300.0,1100.0,4400.0,19.95559777777778
ramp.edg,30.0,20.0,3300.0,1200.0,4500.0,19.713942222222222
ramp.edg,30.0,20.0,3300.0,1300.0,4600.0,19.45770222222222
ramp.edg,30.0,20.0,3300.0,1400.0,4700.0,19.50010222222222
ramp.edg,30.0,20.0,3300.0,1500.0,4800.0,18.78192222222222
ramp.edg,30.0,20.0,3300.0,1600.0,4900.0,18.172653333333333
ramp.edg,30.0,20.0,3300.0,1700.0,5000.0,17.73522
ramp.edg,30.0,20.0,3300.0,1800.0,5100.0,17.35050888888889
ramp.edg,30.0,20.0,3300.0,1900.0,5200.0,18.405640000000002
ramp.edg,30.0,20.0,3400.0,200.0,3600.0,21.446373333333334
ramp.edg,30.0,20.0,3400.0,300.0,3700.0,21.236953333333332
ramp.edg,30.0,20.0,3400.0,400.0,3800.0,21.129944444444444
ramp.edg,30.0,20.0,3400.0,500.0,3900.0,21.08954
ramp.edg,30.0,20.0,3400.0,600.0,4000.0,20.804786666666665
ramp.edg,30.0,20.0,3400.0,700.0,4100.0,20.555364444444443
ramp.edg,30.0,20.0,3400.0,800.0,4200.0,20.451593333333335
ramp.edg,30.0,20.0,3400.0,900.0,4300.0,20.27685111111111
ramp.edg,30.0,20.0,3400.0,1000.0,4400.0,20.0235
ramp.edg,30.0,20.0,3400.0,1100.0,4500.0,19.79446666666667
ramp.edg,30.0,20.0,3400.0,1200.0,4600.0,19.544406666666667
ramp.edg,30.0,20.0,3400.0,1300.0,4700.0,19.460764444444443
ramp.edg,30.0,20.0,3400.0,1400.0,4800.0,18.864146666666667
ramp.edg,30.0,20.0,3400.0,1500.0,4900.0,18.54991777777778
ramp.edg,30.0,20.0,3400.0,1600.0,5000.0,18.146795555555556
ramp.edg,30.0,20.0,3400.0,1700.0,5100.0,17.259824444444444
ramp.edg,30.0,20.0,3400.0,1800.0,5200.0,17.50148
ramp.edg,30.0,20.0,3400.0,1900.0,5300.0,17.86426
ramp.edg,30.0,20.0,3500.0,200.0,3700.0,21.311806666666666
ramp.edg,30.0,20.0,3500.0,300.0,3800.0,21.235606666666666
ramp.edg,30.0,20.0,3500.0,400.0,3900.0,21.35732
ramp.edg,30.0,20.0,3500.0,500.0,4000.0,20.820397777777778
ramp.edg,30.0,20.0,3500.0,600.0,4100.0,20.722304444444443
ramp.edg,30.0,20.0,3500.0,700.0,4200.0,20.56842888888889
ramp.edg,30.0,20.0,3500.0,800.0,4300.0,20.404408888888888
ramp.edg,30.0,20.0,3500.0,900.0,4400.0,20.155377777777776
ramp.edg,30.0,20.0,3500.0,1000.0,4500.0,19.981468888888887
ramp.edg,30.0,20.0,3500.0,1100.0,4600.0,19.715655555555557
ramp.edg,30.0,20.0,3500.0,1200.0,4700.0,19.602575555555557
ramp.edg,30.0,20.0,3500.0,1300.0,4800.0,19.356453333333334
ramp.edg,30.0,20.0,3500.0,1400.0,4900.0,18.49884888888889
ramp.edg,30.0,20.0,3500.0,1500.0,5000.0,18.244891111111112
ramp.edg,30.0,20.0,3500.0,1600.0,5100.0,17.878435555555555
ramp.edg,30.0,20.0,3500.0,1700.0,5200.0,16.64910888888889
ramp.edg,30.0,20.0,3500.0,1800.0,5300.0,16.488175555555557
ramp.edg,30.0,20.0,3500.0,1900.0,5400.0,17.45656888888889
ramp.edg,30.0,20.0,3600.0,200.0,3800.0,21.32337111111111
ramp.edg,30.0,20.0,3600.0,300.0,3900.0,21.331653333333332
ramp.edg,30.0,20.0,3600.0,400.0,4000.0,20.890386666666668
ramp.edg,30.0,20.0,3600.0,500.0,4100.0,20.728282222222223
ramp.edg,30.0,20.0,3600.0,600.0,4200.0,20.49104888888889
ramp.edg,30.0,20.0,3600.0,700.0,4300.0,20.448384444444443
ramp.edg,30.0,20.0,3600.0,800.0,4400.0,20.21020222222222
ramp.edg,30.0,20.0,3600.0,900.0,4500.0,19.919753333333333
ramp.edg,30.0,20.0,3600.0,1000.0,4600.0,19.75010222222222
ramp.edg,30.0,20.0,3600.0,1100.0,4700.0,19.74292
ramp.edg,30.0,20.0,3600.0,1200.0,4800.0,19.34182
ramp.edg,30.0,20.0,3600.0,1300.0,4900.0,18.688064444444443
ramp.edg,30.0,20.0,3600.0,1400.0,5000.0,17.934924444444444
ramp.edg,30.0,20.0,3600.0,1500.0,5100.0,17.34579111111111
ramp.edg,30.0,20.0,3600.0,1600.0,5200.0,16.704093333333333
ramp.edg,30.0,20.0,3600.0,1700.0,5300.0,16.378142222222223
ramp.edg,30.0,20.0,3600.0,1800.0,5400.0,15.947666666666667
ramp.edg,30.0,20.0,3600.0,1900.0,5500.0,17.070251111111112
ramp.edg,30.0,20.0,3700.0,200.0,3900.0,21.334733333333332
ramp.edg,30.0,20.0,3700.0,300.0,4000.0,21.02690888888889
ramp.edg,30.0,20.0,3700.0,400.0,4100.0,20.859826666666667
ramp.edg,30.0,20.0,3700.0,500.0,4200.0,20.670664444444444
ramp.edg,30.0,20.0,3700.0,600.0,4300.0,20.495824444444445
ramp.edg,30.0,20.0,3700.0,700.0,4400.0,20.344795555555557
ramp.edg,30.0,20.0,3700.0,800.0,4500.0,20.057962222222223